<?xml version="1.0" encoding="UTF-8"?>
<metadata xml:lang="en"><Esri><CreaDate>20130328</CreaDate><CreaTime>10213800</CreaTime><ArcGISFormat>1.0</ArcGISFormat><SyncOnce>TRUE</SyncOnce><DataProperties><itemProps><itemLocation><linkage Sync="TRUE">file://\\10.12.12.215\geo\data\house\Leg94</linkage><protocol Sync="TRUE">Local Area Network</protocol></itemLocation></itemProps><copyHistory><copy source="Q:\Geodata\shape\house\Leg94" dest="\\10.12.12.215\geo\data\house\Leg94" date="20130328" time="10213800"></copy></copyHistory></DataProperties></Esri></metadata>
